ID,Name,Email,"Product Title",Price,Quantity
1,"Mrs. Chelsie Kulas DDS",camryn21@ratke.com,,,
,,,"Lester Gottlieb",68.00,4
2,"Laila Torphy IV",iromaguera@medhurst.com,,,
,,,"Merlin Pfeffer",55.00,2
,,,"Precious Turner",62.00,2
,,,"Chadrick Waters",46.00,4
,,,"Mr. Fern Marks IV",93.00,3
3,"Hardy White",emard.lucious@hotmail.com,,,
,,,"Daisy Dicki",44.00,4
,,,"Hunter Bechtelar Sr.",34.00,3
4,"Mary Lesch Jr.",christina.hauck@hotmail.com,,,
,,,"Arlene Mertz",75.00,1
,,,"Mae Nitzsche",20.00,3
,,,"Ardella Gleason",96.00,4
,,,"Willard Quitzon",43.00,4
5,"Dr. Rachael Quigley DDS",myrtie.bauch@predovic.org,,,
,,,"Forrest Reinger",37.00,5
,,,"Marcelo Labadie",98.00,4
,,,"Dr. Milo Crist IV",81.00,2
,,,"Nat Wehner",92.00,3
,,,"Tod Kris",68.00,2
6,"Bernhard Towne",hermiston.mercedes@rolfson.com,,,
,,,"Leopold Deckow",85.00,4
,,,"Henriette Hill",76.00,2
,,,"Duane Hamill DDS",91.00,4
,,,"Kyleigh Greenfelder",41.00,1
,,,"Ms. Lue Beatty DVM",41.00,4
7,"Will Bahringer",walker.norene@hotmail.com,,,
,,,"Nels Cruickshank Sr.",90.00,4
,,,"Dr. Morris Blanda",83.00,3
,,,"Gregoria Lang",57.00,2
8,"Randi Mante",rledner@gmail.com,,,
,,,"Kaylie Simonis",85.00,1
,,,"Dr. Jonathon White",28.00,2
,,,"Dr. Elda Steuber",43.00,3
9,"Jerel Konopelski",mathilde.toy@beer.org,,,
,,,"Leo Monahan",76.00,4
,,,"Jay Mann",42.00,3
,,,"Tyrese Adams",56.00,5
,,,"Ellie Beer I",75.00,2
10,"Milton Skiles PhD",tmoen@cole.com,,,
,,,"Ardith Zemlak MD",89.00,3
,,,"Dorothy Deckow",14.00,4
,,,"Camren Halvorson V",18.00,5
,,,"Mina Beahan",61.00,3
,,,"Mr. Darrel Koch DVM",63.00,5
11,"Arnoldo Kuhic",zromaguera@zulauf.com,,,
,,,"Robb Howe",85.00,1
,,,"Alberta Hahn",26.00,5
,,,"Charlotte Daugherty",99.00,3
,,,"Loyal Borer",54.00,1
12,"Karlie Hirthe",walsh.zachary@hotmail.com,,,
,,,"Stacy Runolfsson",63.00,2
,,,"Derrick Jaskolski",44.00,1
,,,"Rupert Turner",32.00,4
,,,"Prof. Hilario Bernier III",10.00,4
,,,"Prof. Moses Paucek DVM",24.00,3
13,"Elinor Hartmann",wisozk.jamar@kirlin.org,,,
,,,"Ms. Maud Heidenreich",90.00,1
,,,"Mr. Cristobal Schamberger",28.00,3
14,"Percival Nolan",dangelo.tillman@wunsch.com,,,
,,,"Efrain Pacocha",46.00,5
,,,"Mr. Madisen Wilkinson PhD",35.00,4
,,,"Allene Abshire",88.00,1
15,"Eliseo Legros",smitham.cindy@schumm.net,,,
,,,"Arjun Ratke",17.00,5
16,"Adrien Doyle I",jeanette.funk@jast.com,,,
,,,"Jason Davis",29.00,5
,,,"Dovie Mosciski Sr.",63.00,5
,,,"Prof. Tabitha Morissette III",80.00,5
,,,"Dr. Dustin Hane",57.00,3
,,,"Dr. Jeremy Anderson IV",56.00,3
17,"Ora Runte",violette54@funk.com,,,
,,,"Ms. Neoma Goodwin II",40.00,3
,,,"Pietro Little",23.00,4
,,,"Branson Parker",28.00,5
,,,"Mr. Kaley Bednar I",35.00,2
,,,"Tressie Fahey",98.00,3
18,"Mrs. Evie Muller",felicity.emard@volkman.com,,,
,,,"Rhett Terry Jr.",93.00,2
,,,"Jermey Thiel",35.00,4
,,,"Alfonso Stroman",13.00,4
,,,"Kim Wolff",77.00,3
19,"Davon Zulauf DDS",jayce.witting@hotmail.com,,,
,,,"Prof. Jett Lehner I",63.00,3
,,,"Raegan Waters",14.00,3
,,,"Dr. Anibal Kuphal",100.00,4
,,,"Caesar Balistreri",19.00,2
20,"Keeley Turcotte",yparisian@mcdermott.com,,,
,,,"Wilford Wisoky",81.00,1
,,,"Shayna Stroman",31.00,4
21,"Obie Torphy",lesch.joey@hotmail.com,,,
,,,"Prof. Lukas Beier DDS",24.00,2
22,"Brain Pollich PhD",everardo.bergstrom@gmail.com,,,
,,,"Gunner Erdman",84.00,5
,,,"Elouise Rohan",57.00,1
,,,"Raleigh Parisian IV",86.00,4
23,"Melany Kuhic",marcia.stiedemann@lubowitz.biz,,,
,,,"Colby Ratke V",84.00,1
,,,"Sallie Hyatt",94.00,2
24,"Hobart Bernhard III",jerel30@yahoo.com,,,
,,,"Vince Kerluke",47.00,4
,,,"Alexandrine Streich",59.00,5
,,,"Mr. Everardo Mitchell",79.00,3
25,"Moises Crooks PhD",xmayer@barton.com,,,
,,,"Charley Moore",87.00,2
,,,"Melba McDermott",63.00,5
,,,"Ursula Wisozk",96.00,4
,,,"Prof. Aurelie Pfannerstill",83.00,1
26,"Mrs. Alison Collins",mozell.ward@ebert.com,,,
,,,"Marco Schneider",33.00,2
,,,"Lupe Dietrich",32.00,1
,,,"Hailie Lynch DVM",78.00,5
,,,"Prof. Tom Walsh",19.00,1
,,,"Isac King",14.00,5
27,"Miss Jennie Pfeffer",salvatore93@yahoo.com,,,
,,,"Larue Koelpin",27.00,2
,,,"Eve Zieme",27.00,3
28,"Gerald Kohler",nils.oconnell@hotmail.com,,,
,,,"Maya Welch DDS",27.00,4
,,,"Blake Johns",99.00,5
,,,"Daryl Leuschke",90.00,1
,,,"Miss Velda Franecki",90.00,4
,,,"Adrain Daugherty",100.00,3
29,"Cruz Cummerata",laverne.dooley@gmail.com,,,
,,,"Aletha Smitham",10.00,1
,,,"Toby Kub",47.00,2
,,,"Dr. Cleve Schmitt",14.00,3
30,"Mr. Aron Schaefer V",blick.roderick@hotmail.com,,,
,,,"Juliet Brekke",67.00,1
,,,"Dariana Quigley",43.00,4
,,,"Maida Schamberger",99.00,2
